<?xml version="1.0" encoding="UTF-8"?>
<configuration debug="true">

    <appender name="CONSOLE" class="ch.qos.logback.core.ConsoleAppender">
        <layout class="ch.qos.logback.classic.PatternLayout">
            <Pattern>
                %d{HH:mm:ss.SSS} [%t] %-5level %logger{36} - %msg%n
            </Pattern>
        </layout>
    </appender>

    <appender name="EMAIL" class="ch.qos.logback.classic.net.SMTPAppender">
        <smtpHost>smtp.mailgun.org</smtpHost>
        <smtpPort>25</smtpPort>
        <username>123</username>
        <password>123</password>
        <to>TO_EMAIL</to>
        <to>RO_ANOTHER_EMAIL</to>
        <from>FROM_EMAIL</from>
        <subject>TESTING: %logger{20} - %m</subject>

        <layout class="ch.qos.logback.classic.html.HTMLLayout"/>

        <cyclicBufferTracker class="ch.qos.logback.core.spi.CyclicBufferTracker">
            <!-- send just one log entry per email -->
            <bufferSize>1</bufferSize>
        </cyclicBufferTracker>

        <!-- default asynchronousSending = true -->
        <!-- for single main() testing, turn off to avoid system exit without sending email-->
        <asynchronousSending>false</asynchronousSending>

    </appender>

    <logger name="com.mkyong" level="error" additivity="false">
        <appender-ref ref="EMAIL"/>
    </logger>

    <root level="error">
        <appender-ref ref="CONSOLE"/>
    </root>

</configuration>

